no_of_agents,exploration_time,no_of_tries
1,,0
2,58.71079134941101,1
3,,0
4,,0
5,64.9082894325,1
6,,0
7,,0
8,35.92861247062683,1
