no_of_agents,exploration_time
1,9.742070198059082
2,58.71079134941101
3,
4,
5,64.9082894325
6,
7,
8,
