no_of_agents,exploration_time
1,76.4034149646759
2,58.71079134941101
3,56.61816596984863
4,53.29825568199158
5,53.82795715332031
6,44.58090567588806
7,45.62210202217102
8,41.370754718780525
