no_of_agents,exploration_time,no_of_tries
1,61.6771684885025,2
2,42.967047572135925,2
3,36.3761100769043,2
4,37.169814205169686,5
5,40.32158041000366,7
6,36.697004318237305,2
7,36.475699305534356,2
8,40.25510323047639,2
