no_of_agents,exploration_time,no_of_tries
1,66.71096634864807,1
2,47.83159160614014,1
3,39.51254653930664,1
4,42.55002403259277,2
5,41.959284901618965,2
6,36.697004318237305,2
7,36.475699305534356,2
8,40.25510323047639,2
