no_of_agents,exploration_time
1,75.18575191497803
2,48.72510838508606
3,39.01826620101929
4,43.909680128097534
5,42.03242492675781
6,37.54194188117982
7,36.87491583824158
8,37.469134330749505
